Workbook

Sheet Présence
A2: Présence
B3: Date 1 | C3: Date 2 | D3: Date 3 | E3: Date 4 | F3: Date 5 | G3: Date 6 | H3: Date 7 | I3: Date 8 | J3: Date 9 | K3: Date 10 | L3: Date 11 | M3: Date 12 | N3: Date 13 | O3: Date 14
A4: ='Nom etudiant'!B2 -> Test | P4: =SUM(B4:O4) -> 0
A5: ='Nom etudiant 2'!B2 -> Test 2 | P5: =SUM(B5:O5) -> 0
A6: ='Nom etudiant_2'!B2 -> Test 3 | P6: =SUM(B6:O6) -> 0
A7: ='Nom etudiant 2_2'!B2 -> Test 4 | P7: =SUM(B7:O7) -> 0
A9: Présence = 1, Absence prévenue et justifiée = 0,5, Absence non prévenue ou justifiée =0
A11: Participation
B12: Date 1 /0,5 | C12: Date 2 | D12: Date 3 | E12: Date 4 | F12: Date 5 | G12: Date 6 | H12: Date 7 | I12: Date 8 | J12: Date 9 | K12: Date 10 | L12: Date 11 | M12: Date 12 | N12: Date 13 | O12: Date 14 | P12: Mails /7 | Q12: Forum /7 | R12: Lectures /7
A13: ='Nom etudiant'!B2 -> Test | B13: 0 | C13: 0.5 | D13: 0.5 | E13: 0.5 | F13: 0.5 | G13: 0.5 | H13: 0.5 | I13: 0.5 | J13: 0.5 | K13: 0 | L13: 0 | M13: 0 | N13: 0 | O13: 0.5 | P13: 0 | Q13: 5 | R13: 0 | S13: =SUM(B13:R13) -> 9.5
A14: ='Nom etudiant 2'!B2 -> Test 2 | B14: 0 | C14: 0.5 | D14: 0.5 | E14: 0.5 | F14: 0.5 | G14: 0.5 | H14: 0.5 | I14: 0.5 | J14: 0.5 | K14: 0.5 | L14: 0.5 | M14: 0.5 | N14: 0.5 | O14: 0.5 | P14: 0
A15: ='Nom etudiant_2'!B2 -> Test 3
A16: ='Nom etudiant 2_2'!B2 -> Test 4

Sheet Synthèse Notes
B2: Participation | C2: TP | D2: Article | E2: Note / 100 | F2: Note /4.3 | G2: Note lettre | H2: Signification | I2: Commentaire général
A3: ='Nom etudiant'!B2 -> Test | B3: ='Nom etudiant'!F11 -> 11 | C3: ='Nom etudiant'!F18 -> 37 | D3: ='Nom etudiant'!F37 -> 31 | E3: =SUM(B3:D3) -> 79 | F3: =SUM((E3*4.3)/100) -> 3.397 | G3: =LOOKUP(F3, {0;0.5;1;1.3;1.7;2;2.3;2.7;3;3.3;3.7;4;4.3}, {"F*";"F";"D";"D+";"C−";"C";"C+";"B−";"B";"B+";"A−";"A";"A+"}) -> B+ | H3: =VLOOKUP(TRIM(G3), Notes!A1:B15, 2, 0) -> Travail bon, répond bien aux exigences
A4: ='Nom etudiant 2'!B2 -> Test 2 | B4: ='Nom etudiant 2'!F11 -> 16 | C4: ='Nom etudiant 2'!F18 -> 39 | D4: ='Nom etudiant 2'!F37 -> 32 | E4: =SUM(B4:D4) -> 87 | F4: =SUM((E4*4.3)/100) -> 3.741 | G4: =LOOKUP(F4, {0;0.5;1;1.3;1.7;2;2.3;2.7;3;3.3;3.7;4;4.3}, {"F*";"F";"D";"D+";"C−";"C";"C+";"B−";"B";"B+";"A−";"A";"A+"}) -> A− | H4: =VLOOKUP(TRIM(G4), Notes!A1:B15, 2, 0) -> Travail très bon, quelques points perfectibles
A5: ='Nom etudiant_2'!B2 -> Test 3 | B5: ='Nom etudiant_2'!F11 -> 18 | C5: ='Nom etudiant_2'!F18 -> 40 | D5: ='Nom etudiant_2'!F37 -> 37 | E5: =SUM(B5:D5) -> 95 | F5: =SUM((E5*4.3)/100) -> 4.085 | G5: =LOOKUP(F5, {0;0.5;1;1.3;1.7;2;2.3;2.7;3;3.3;3.7;4;4.3}, {"F*";"F";"D";"D+";"C−";"C";"C+";"B−";"B";"B+";"A−";"A";"A+"}) -> A | H5: =VLOOKUP(TRIM(G5), Notes!A1:B15, 2, 0) -> Travail excellent répondant exactement aux exigences
A6: ='Nom etudiant 2_2'!B2 -> Test 4 | B6: ='Nom etudiant 2_2'!F11 -> 18 | C6: ='Nom etudiant 2_2'!F18 -> 40 | D6: ='Nom etudiant 2_2'!F37 -> 31 | E6: =SUM(B6:D6) -> 89 | F6: =SUM((E6*4.3)/100) -> 3.827 | G6: =LOOKUP(F6, {0;0.5;1;1.3;1.7;2;2.3;2.7;3;3.3;3.7;4;4.3}, {"F*";"F";"D";"D+";"C−";"C";"C+";"B−";"B";"B+";"A−";"A";"A+"}) -> A− | H6: =VLOOKUP(TRIM(G6), Notes!A1:B15, 2, 0) -> Travail très bon, quelques points perfectibles

Sheet Nom etudiant
A2: Nom Étudiant : | B2: Test
A4: Participation
A5: Critères | B5: Indicateurs observables | E5: Points max | F5: Points obtenus
A6: Présence | B6: Assiduité, ponctualité, participation aux activités | E6: 4 | F6: 2
A7: Engagement | B7: Préparation des séances, lectures mobilisées, continuité du travail | E7: 4 | F7: 3
A8: Présentation en TD | B8: Qualité du contenu, structuration, clarté (forme libre) | E8: 4 | F8: 1
A9: Contributions | B9: Interventions orales ou écrites (forum, documents partagés) | E9: 4 | F9: 2
A10: Interaction avec le groupe | B10: Écoute, feedback, collaboration, soutien aux pairs | E10: 4 | F10: 3
E11: =SUM(E6:E10) -> 20 | F11: =SUM(F6:F10) -> 11
A12: Commentaire
A14: TP
F15: Points obtenus | G15: TP 1 | H15: TP 2 | I15: TP 3 | J15: TP 4 | K15: TP 5 | L15: TP 6 | M15: TP 7 | N15: TP 8 | O15: TP 9 | P15: TP 10
A16: Qualité | E16: 20 | F16: =SUM(G16:P16) -> 17 | G16: 2 | H16: 1 | I16: 2 | J16: 1 | K16: 1 | L16: 2 | M16: 2 | N16: 2 | O16: 2 | P16: 2
A17: Respect des consignes | E17: 20 | F17: =SUM(G17:P17) -> 20 | G17: 2 | H17: 2 | I17: 2 | J17: 2 | K17: 2 | L17: 2 | M17: 2 | N17: 2 | O17: 2 | P17: 2
E18: =SUM(E16:E17) -> 40 | F18: =SUM(F16:F17) -> 37 | G18: =SUM(G16:G17) -> 4 | H18: =SUM(H16:H17) -> 3 | I18: =SUM(I16:I17) -> 4 | J18: =SUM(J16:J17) -> 3 | K18: =SUM(K16:K17) -> 3 | L18: =SUM(L16:L17) -> 4 | ... P18: =SUM(P16:P17) -> 4
A19: Commentaire
A21: Article
A22: Critère | B22: Excellent | C22: Satisfaisant | D22: À améliorer | E22: Points max | F22: Points obtenus
A23: Problématique | B23: 4 | C23: 2 | D23: 1 | E23: 4 | F23: 2
A24: Positionnement | B24: 4 | C24: 2 | D24: 1 | E24: 4 | F24: 2
A25: Description du cas | B25: 4 | C25: 2 | D25: 1 | E25: 4 | F25: 2
A26: Données mobilisées | B26: 4 | C26: 2 | D26: 1 | E26: 4 | F26: 3
A27: Raisonnement | B27: 4 | C27: 2 | D27: 1 | E27: 4 | F27: 2
A28: Capacité critique | B28: 4 | C28: 2 | D28: 1 | E28: 4 | F28: 4
A29: Concepts ↔ cas | B29: 2 | C29: 1 | D29: 0 | E29: 2 | F29: 2
A30: Mobilisation du cours | B30: 3 | C30: 2 | D30: 1 | E30: 3 | F30: 4
A31: Réflexivité | B31: 3 | C31: 2 | D31: 1 | E31: 3 | F31: 4
A32: Qualité des sources | B32: 2 | C32: 1 | D32: 0 | E32: 2 | F32: 2
A33: Citations | B33: 1 | C33: 0 | D33: 0 | E33: 1 | F33: 1
A34: Clarté et cohérence | B34: 2 | C34: 1 | D34: 0 | E34: 2 | F34: 1
... A36: Style personnel | B36: 1 | C36: 0 | D36: 0 | E36: 1 | F36: 1
A37: Total | E37: =SUM(E23:E36) -> 40 | F37: =SUM(F23:F36) -> 31
A38: Commentaire

Sheet Nom etudiant 2
A2: Nom Étudiant : | B2: Test 2
A4: Participation
A5: Critères | B5: Indicateurs observables | E5: Points max | F5: Points obtenus
A6: Présence | B6: Assiduité, ponctualité, participation aux activités | E6: 4 | F6: 4
A7: Engagement | B7: Préparation des séances, lectures mobilisées, continuité du travail | E7: 4 | F7: 4
A8: Présentation en TD | B8: Qualité du contenu, structuration, clarté (forme libre) | E8: 4 | F8: 1
A9: Contributions | B9: Interventions orales ou écrites (forum, documents partagés) | E9: 4 | F9: 4
A10: Interaction avec le groupe | B10: Écoute, feedback, collaboration, soutien aux pairs | E10: 4 | F10: 3
E11: =SUM(E6:E10) -> 20 | F11: =SUM(F6:F10) -> 16
A12: Commentaire
A14: TP
F15: Points obtenus | G15: TP 1 | H15: TP 2 | I15: TP 3 | J15: TP 4 | K15: TP 5 | L15: TP 6 | M15: TP 7 | N15: TP 8 | O15: TP 9 | P15: TP 10
A16: Qualité | E16: 20 | F16: =SUM(G16:P16) -> 19 | G16: 2 | H16: 2 | I16: 2 | J16: 1 | K16: 2 | L16: 2 | M16: 2 | N16: 2 | O16: 2 | P16: 2
A17: Respect des consignes | E17: 20 | F17: =SUM(G17:P17) -> 20 | G17: 2 | H17: 2 | I17: 2 | J17: 2 | K17: 2 | L17: 2 | M17: 2 | N17: 2 | O17: 2 | P17: 2
E18: =SUM(E16:E17) -> 40 | F18: =SUM(F16:F17) -> 39 | G18: =SUM(G16:G17) -> 4 | H18: =SUM(H16:H17) -> 4 | I18: =SUM(I16:I17) -> 4 | J18: =SUM(J16:J17) -> 3 | K18: =SUM(K16:K17) -> 4 | L18: =SUM(L16:L17) -> 4 | ... P18: =SUM(P16:P17) -> 4
A19: Commentaire
A21: Article
A22: Critère | B22: Excellent | C22: Satisfaisant | D22: À améliorer | E22: Points max | F22: Points obtenus
A23: Problématique | B23: 4 | C23: 2 | D23: 1 | E23: 4 | F23: 2
A24: Positionnement | B24: 4 | C24: 2 | D24: 1 | E24: 4 | F24: 2
A25: Description du cas | B25: 4 | C25: 2 | D25: 1 | E25: 4 | F25: 2
A26: Données mobilisées | B26: 4 | C26: 2 | D26: 1 | E26: 4 | F26: 4
A27: Raisonnement | B27: 4 | C27: 2 | D27: 1 | E27: 4 | F27: 2
A28: Capacité critique | B28: 4 | C28: 2 | D28: 1 | E28: 4 | F28: 4
A29: Concepts ↔ cas | B29: 2 | C29: 1 | D29: 0 | E29: 2 | F29: 2
A30: Mobilisation du cours | B30: 3 | C30: 2 | D30: 1 | E30: 3 | F30: 3
A31: Réflexivité | B31: 3 | C31: 2 | D31: 1 | E31: 3 | F31: 3
A32: Qualité des sources | B32: 2 | C32: 1 | D32: 0 | E32: 2 | F32: 2
A33: Citations | B33: 1 | C33: 0 | D33: 0 | E33: 1 | F33: 1
A34: Clarté et cohérence | B34: 2 | C34: 1 | D34: 0 | E34: 2 | F34: 3
... A36: Style personnel | B36: 1 | C36: 0 | D36: 0 | E36: 1 | F36: 1
A37: Total | E37: =SUM(E23:E36) -> 40 | F37: =SUM(F23:F36) -> 32
A38: Commentaire

Sheet Nom etudiant_2
A2: Nom Étudiant : | B2: Test 3
A4: Participation
A5: Critères | B5: Indicateurs observables | E5: Points max | F5: Points obtenus
A6: Présence | B6: Assiduité, ponctualité, participation aux activités | E6: 4 | F6: 4
A7: Engagement | B7: Préparation des séances, lectures mobilisées, continuité du travail | E7: 4 | F7: 3
A8: Présentation en TD | B8: Qualité du contenu, structuration, clarté (forme libre) | E8: 4 | F8: 4
A9: Contributions | B9: Interventions orales ou écrites (forum, documents partagés) | E9: 4 | F9: 4
A10: Interaction avec le groupe | B10: Écoute, feedback, collaboration, soutien aux pairs | E10: 4 | F10: 3
E11: =SUM(E6:E10) -> 20 | F11: =SUM(F6:F10) -> 18
A12: Commentaire
A14: TP
F15: Points obtenus | G15: TP 1 | H15: TP 2 | I15: TP 3 | J15: TP 4 | K15: TP 5 | L15: TP 6 | M15: TP 7 | N15: TP 8 | O15: TP 9 | P15: TP 10
A16: Qualité | E16: 20 | F16: =SUM(G16:P16) -> 20 | G16: 2 | H16: 2 | I16: 2 | J16: 2 | K16: 2 | L16: 2 | M16: 2 | N16: 2 | O16: 2 | P16: 2
A17: Respect des consignes | E17: 20 | F17: =SUM(G17:P17) -> 20 | G17: 2 | H17: 2 | I17: 2 | J17: 2 | K17: 2 | L17: 2 | M17: 2 | N17: 2 | O17: 2 | P17: 2
E18: =SUM(E16:E17) -> 40 | F18: =SUM(F16:F17) -> 40 | G18: =SUM(G16:G17) -> 4 | H18: =SUM(H16:H17) -> 4 | I18: =SUM(I16:I17) -> 4 | J18: =SUM(J16:J17) -> 4 | K18: =SUM(K16:K17) -> 4 | L18: =SUM(L16:L17) -> 4 | ... P18: =SUM(P16:P17) -> 4
A19: Commentaire
A21: Article
A22: Critère | B22: Excellent | C22: Satisfaisant | D22: À améliorer | E22: Points max | F22: Points obtenus
A23: Problématique | B23: 4 | C23: 2 | D23: 1 | E23: 4 | F23: 4
A24: Positionnement | B24: 4 | C24: 2 | D24: 1 | E24: 4 | F24: 4
A25: Description du cas | B25: 4 | C25: 2 | D25: 1 | E25: 4 | F25: 4
A26: Données mobilisées | B26: 4 | C26: 2 | D26: 1 | E26: 4 | F26: 3
A27: Raisonnement | B27: 4 | C27: 2 | D27: 1 | E27: 4 | F27: 4
A28: Capacité critique | B28: 4 | C28: 2 | D28: 1 | E28: 4 | F28: 4
A29: Concepts ↔ cas | B29: 2 | C29: 1 | D29: 0 | E29: 2 | F29: 2
A30: Mobilisation du cours | B30: 3 | C30: 2 | D30: 1 | E30: 3 | F30: 2
A31: Réflexivité | B31: 3 | C31: 2 | D31: 1 | E31: 3 | F31: 3
A32: Qualité des sources | B32: 2 | C32: 1 | D32: 0 | E32: 2 | F32: 2
A33: Citations | B33: 1 | C33: 0 | D33: 0 | E33: 1 | F33: 1
A34: Clarté et cohérence | B34: 2 | C34: 1 | D34: 0 | E34: 2 | F34: 2
... A36: Style personnel | B36: 1 | C36: 0 | D36: 0 | E36: 1 | F36: 1
A37: Total | E37: =SUM(E23:E36) -> 40 | F37: =SUM(F23:F36) -> 37
A38: Commentaire

Sheet Nom etudiant 2_2
A2: Nom Étudiant : | B2: Test 4
A4: Participation
A5: Critères | B5: Indicateurs observables | E5: Points max | F5: Points obtenus
A6: Présence | B6: Assiduité, ponctualité, participation aux activités | E6: 4 | F6: 2
A7: Engagement | B7: Préparation des séances, lectures mobilisées, continuité du travail | E7: 4 | F7: 4
A8: Présentation en TD | B8: Qualité du contenu, structuration, clarté (forme libre) | E8: 4 | F8: 4
A9: Contributions | B9: Interventions orales ou écrites (forum, documents partagés) | E9: 4 | F9: 4
A10: Interaction avec le groupe | B10: Écoute, feedback, collaboration, soutien aux pairs | E10: 4 | F10: 4
E11: =SUM(E6:E10) -> 20 | F11: =SUM(F6:F10) -> 18
A12: Commentaire
A14: TP
F15: Points obtenus | G15: TP 1 | H15: TP 2 | I15: TP 3 | J15: TP 4 | K15: TP 5 | L15: TP 6 | M15: TP 7 | N15: TP 8 | O15: TP 9 | P15: TP 10
A16: Qualité | E16: 20 | F16: =SUM(G16:P16) -> 20 | G16: 2 | H16: 2 | I16: 2 | J16: 2 | K16: 2 | L16: 2 | M16: 2 | N16: 2 | O16: 2 | P16: 2
A17: Respect des consignes | E17: 20 | F17: =SUM(G17:P17) -> 20 | G17: 2 | H17: 2 | I17: 2 | J17: 2 | K17: 2 | L17: 2 | M17: 2 | N17: 2 | O17: 2 | P17: 2
E18: =SUM(E16:E17) -> 40 | F18: =SUM(F16:F17) -> 40 | G18: =SUM(G16:G17) -> 4 | H18: =SUM(H16:H17) -> 4 | I18: =SUM(I16:I17) -> 4 | J18: =SUM(J16:J17) -> 4 | K18: =SUM(K16:K17) -> 4 | L18: =SUM(L16:L17) -> 4 | ... P18: =SUM(P16:P17) -> 4
A19: Commentaire
A21: Article
A22: Critère | B22: Excellent | C22: Satisfaisant | D22: À améliorer | E22: Points max | F22: Points obtenus
A23: Problématique | B23: 4 | C23: 2 | D23: 1 | E23: 4 | F23: 2
A24: Positionnement | B24: 4 | C24: 2 | D24: 1 | E24: 4 | F24: 2
A25: Description du cas | B25: 4 | C25: 2 | D25: 1 | E25: 4 | F25: 2
A26: Données mobilisées | B26: 4 | C26: 2 | D26: 1 | E26: 4 | F26: 3
A27: Raisonnement | B27: 4 | C27: 2 | D27: 1 | E27: 4 | F27: 2
A28: Capacité critique | B28: 4 | C28: 2 | D28: 1 | E28: 4 | F28: 4
A29: Concepts ↔ cas | B29: 2 | C29: 1 | D29: 0 | E29: 2 | F29: 2
A30: Mobilisation du cours | B30: 3 | C30: 2 | D30: 1 | E30: 3 | F30: 4
A31: Réflexivité | B31: 3 | C31: 2 | D31: 1 | E31: 3 | F31: 4
A32: Qualité des sources | B32: 2 | C32: 1 | D32: 0 | E32: 2 | F32: 2
A33: Citations | B33: 1 | C33: 0 | D33: 0 | E33: 1 | F33: 1
A34: Clarté et cohérence | B34: 2 | C34: 1 | D34: 0 | E34: 2 | F34: 1
... A36: Style personnel | B36: 1 | C36: 0 | D36: 0 | E36: 1 | F36: 1
A37: Total | E37: =SUM(E23:E36) -> 40 | F37: =SUM(F23:F36) -> 31
A38: Commentaire

Sheet Notes
A1: Lettre | B1: Appréciation
A2: A+ | B2: Travail exceptionnel qui dépasse les exigences demandées
A3: A | B3: Travail excellent répondant exactement aux exigences
A4: A− | B4: Travail très bon, quelques points perfectibles
A5: B+ | B5: Travail bon, répond bien aux exigences
A6: B | B6: Travail bon avec corrections mineures
A7: B− | B7: Travail correct, quelques points à améliorer
A8: C+ | B8: Travail passable, erreurs modérées
A9: C | B9: Travail passable, répond assez bien aux exigences
A10: C− | B10: Travail passable mais insuffisant sur certains points
A11: D+ | B11: Travail faible, répond partiellement aux exigences
A12: D | B12: Travail faible, erreurs importantes
... A15: F* | B15: Échec par absence ou plagiat
A22: Note | B22: Signification | C22: Points | D22: Critères d’évaluation
A23: A+ | C23: 4.3 | D23: La note A+ est réservée aux travaux exceptionnels qui dépassent les exigences demandées.
A24: A | B24: Excellent | C24: 4 | D24: La note A est accordée aux travaux excellents qui répondent exactement aux exigences demandées.
A25: A− | C25: 3.7
A26: B+ | C26: 3.3
A27: B | B27: Bon | C27: 3 | D27: La note B est accordée aux travaux qui répondent exactement aux exigences demandées, avec certaines corrections mineures.
A28: B− | C28: 2.7
A29: C+ | C29: 2.3
A30: C | B30: Passable | C30: 2 | D30: La note C est accordée aux travaux qui répondent, dans l’ensemble, assez bien aux exigences demandées, avec quelques erreurs sans gravité majeure.
A31: C− | C31: 1.7
A32: D+ | C32: 1.3
A33: D | B33: Faible | C33: 1 | D33: La note D est accordée aux travaux qui ne rencontrent qu’à moitié les exigences demandées ou qui comportent quelques erreurs graves.
A34: E | B34: Échec | C34: 0.5 | D34: La note E est attribuée aux travaux qui ne répondent pas aux exigences demandées.
A35: F | C35: 0 | D35: La note F est attribuée lorsqu’un travail ou un examen n’est pas remis ou lorsqu’un travail est remis après la date d’échéance fixée par le professeur, ou dans un cas de plagiat, copiage ou fraude.
A36: F* | C36: 0 | D36: La note F* correspond à un échec par absence
